{
  "residual_norm": {
    "0.5": 0.923875093460083,
    "0.9": 3.0791101455688477,
    "0.95": 3.550407648086548,
    "0.99": 4.525857925415039,
    "0.999": 7.112744331359863
  },
  "residual_norm_max": 32.09604263305664,
  "stepper_input_norm": {
    "0.5": 11.016172409057617,
    "0.9": 18.848556518554688,
    "0.95": 21.50428009033203,
    "0.99": 25.16009521484375,
    "0.999": 50.91331100463867
  },
  "stepper_input_norm_max": 72.40390014648438,
  "feature_delta_norm": {
    "0.5": 0.8212437629699707,
    "0.9": 2.285555124282837,
    "0.95": 2.7135653495788574,
    "0.99": 3.424365997314453,
    "0.999": 5.968360424041748
  },
  "feature_delta_norm_max": 23.1016788482666,
  "control_delta_norm": {
    "0.5": 0.7450108528137207,
    "0.9": 2.012601375579834,
    "0.95": 2.4201788902282715,
    "0.99": 3.1088345050811768,
    "0.999": 4.51032829284668
  },
  "control_delta_norm_max": 15.827072143554688,
  "phase_contact_delta_norm": {
    "0.5": 0.016122527420520782,
    "0.9": 0.49124377965927124,
    "0.95": 0.7789354920387268,
    "0.99": 2.8025965690612793,
    "0.999": 2.8289458751678467
  },
  "phase_contact_delta_norm_max": 4.056070327758789
}